adc,nanoamp
287,0.033333333
7923,1.333333333
15838,2.666666667
23770,4.033333333
31694,5.366666667
39585,6.7
47502,8.033333333
55441,9.366666667
63357,10.7